{
  "evaluation_timestamp": "20250722_010002",
  "test_data_info": {
    "test_samples": 6619,
    "positive_samples": 3653,
    "negative_samples": 2966
  },
  "models": {
    "Decision Tree": {
      "metrics": {
        "accuracy": 0.9644961474542982,
        "precision": 0.9765755716675962,
        "recall": 0.9586641116890228,
        "f1": 0.9675369526177648,
        "roc_auc": 0.9895413832357558,
        "avg_precision": 0.98806495555143
      },
      "confusion_matrix": [
        [
          2882,
          84
        ],
        [
          151,
          3502
        ]
      ],
      "classification_report": {
        "0": {
          "precision": 0.9502143092647544,
          "recall": 0.9716790289952798,
          "f1-score": 0.9608268044674112,
          "support": 2966.0
        },
        "1": {
          "precision": 0.9765755716675962,
          "recall": 0.9586641116890228,
          "f1-score": 0.9675369526177648,
          "support": 3653.0
        },
        "accuracy": 0.9644961474542982,
        "macro avg": {
          "precision": 0.9633949404661752,
          "recall": 0.9651715703421513,
          "f1-score": 0.964181878542588,
          "support": 6619.0
        },
        "weighted avg": {
          "precision": 0.9647629860373154,
          "recall": 0.9644961474542982,
          "f1-score": 0.9645301087721765,
          "support": 6619.0
        }
      }
    },
    "Random Forest": {
      "metrics": {
        "accuracy": 0.9773379664601903,
        "precision": 0.9724844888049636,
        "recall": 0.986860114973994,
        "f1": 0.9796195652173914,
        "roc_auc": 0.9966551752972229,
        "avg_precision": 0.9971247818643252
      },
      "confusion_matrix": [
        [
          2864,
          102
        ],
        [
          48,
          3605
        ]
      ],
      "classification_report": {
        "0": {
          "precision": 0.9835164835164835,
          "recall": 0.9656102494942683,
          "f1-score": 0.9744811160258592,
          "support": 2966.0
        },
        "1": {
          "precision": 0.9724844888049636,
          "recall": 0.986860114973994,
          "f1-score": 0.9796195652173914,
          "support": 3653.0
        },
        "accuracy": 0.9773379664601903,
        "macro avg": {
          "precision": 0.9780004861607235,
          "recall": 0.9762351822341311,
          "f1-score": 0.9770503406216253,
          "support": 6619.0
        },
        "weighted avg": {
          "precision": 0.9774279691364893,
          "recall": 0.9773379664601903,
          "f1-score": 0.9773170058727646,
          "support": 6619.0
        }
      }
    },
    "Logistic Regression": {
      "metrics": {
        "accuracy": 0.9392657501133101,
        "precision": 0.9685788411646008,
        "recall": 0.9197919518204216,
        "f1": 0.9435551811288964,
        "roc_auc": 0.9869393504152084,
        "avg_precision": 0.9899483465302373
      },
      "confusion_matrix": [
        [
          2857,
          109
        ],
        [
          293,
          3360
        ]
      ],
      "classification_report": {
        "0": {
          "precision": 0.906984126984127,
          "recall": 0.9632501685772084,
          "f1-score": 0.934270765206017,
          "support": 2966.0
        },
        "1": {
          "precision": 0.9685788411646008,
          "recall": 0.9197919518204216,
          "f1-score": 0.9435551811288964,
          "support": 3653.0
        },
        "accuracy": 0.9392657501133101,
        "macro avg": {
          "precision": 0.9377814840743639,
          "recall": 0.941521060198815,
          "f1-score": 0.9389129731674567,
          "support": 6619.0
        },
        "weighted avg": {
          "precision": 0.9409780068604331,
          "recall": 0.9392657501133101,
          "f1-score": 0.9393947977436025,
          "support": 6619.0
        }
      }
    },
    "Naive Bayes": {
      "metrics": {
        "accuracy": 0.78214231757063,
        "precision": 0.9495729971533143,
        "recall": 0.6392006569942513,
        "f1": 0.7640706806282722,
        "roc_auc": 0.8971266469388723,
        "avg_precision": 0.9155278905164128
      },
      "confusion_matrix": [
        [
          2842,
          124
        ],
        [
          1318,
          2335
        ]
      ],
      "classification_report": {
        "0": {
          "precision": 0.6831730769230769,
          "recall": 0.9581928523263655,
          "f1-score": 0.7976424361493124,
          "support": 2966.0
        },
        "1": {
          "precision": 0.9495729971533143,
          "recall": 0.6392006569942513,
          "f1-score": 0.7640706806282722,
          "support": 3653.0
        },
        "accuracy": 0.78214231757063,
        "macro avg": {
          "precision": 0.8163730370381956,
          "recall": 0.7986967546603084,
          "f1-score": 0.7808565583887923,
          "support": 6619.0
        },
        "weighted avg": {
          "precision": 0.8301981424316216,
          "recall": 0.78214231757063,
          "f1-score": 0.7791143166571897,
          "support": 6619.0
        }
      }
    },
    "XGBoost": {
      "metrics": {
        "accuracy": 0.9783955280253814,
        "precision": 0.9792463134898962,
        "recall": 0.9816589104845332,
        "f1": 0.9804511278195489,
        "roc_auc": 0.9973772930515179,
        "avg_precision": 0.9979427554864065
      },
      "confusion_matrix": [
        [
          2890,
          76
        ],
        [
          67,
          3586
        ]
      ],
      "classification_report": {
        "0": {
          "precision": 0.977341900574907,
          "recall": 0.9743762643290627,
          "f1-score": 0.9758568293094716,
          "support": 2966.0
        },
        "1": {
          "precision": 0.9792463134898962,
          "recall": 0.9816589104845332,
          "f1-score": 0.9804511278195489,
          "support": 3653.0
        },
        "accuracy": 0.9783955280253814,
        "macro avg": {
          "precision": 0.9782941070324016,
          "recall": 0.978017587406798,
          "f1-score": 0.9781539785645103,
          "support": 6619.0
        },
        "weighted avg": {
          "precision": 0.9783929385532202,
          "recall": 0.9783955280253814,
          "f1-score": 0.9783924045409736,
          "support": 6619.0
        }
      }
    }
  }
}